topic,cluster,centrality,frequency,pareto_score,Top20Percent
render react,1,1.0,0.0,0.7,True
render reactjs,1,0.976802369651824,0.0,0.6837616587562767,True
react packt,1,0.9756165736682929,0.0,0.682931601567805,True
react node,1,0.952320665328448,0.0,0.6666244657299135,True
introduction react,1,0.9434917433355026,0.0,0.6604442203348517,True
react https,1,0.8869977835771206,0.0,0.6208984485039843,True
machine learning,0,0.8275138641864239,0.0,0.5792597049304967,True
algorithms,0,0.8245834220447532,0.0,0.5772083954313272,True
classification,0,0.821553642881331,0.0,0.5750875500169317,True
data mining,0,0.8183995335862071,0.0,0.572879673510345,True
artificial intelligence,0,0.814307547249898,0.0,0.5700152830749285,True
clustering,0,0.8088507888460919,0.0,0.5661955521922643,True
neural networks,0,0.807898614898791,0.0,0.5655290304291537,True
data models,0,0.8039259812527952,0.0,0.5627481868769566,True
pattern classification,0,0.8024609190364724,0.0,0.5617226433255307,True
classifications machine,0,0.8005909896195565,0.0,0.5604136927336896,True
pattern recognition,0,0.7997520259880899,0.0,0.5598264181916629,True
language processing,0,0.7995403258745704,0.0,0.5596782281121992,True
classification tasks,0,0.7986324193847238,0.0,0.5590426935693067,True
computational intelligence,0,0.7982971304605603,0.0,0.5588079913223921,True
cluster analysis,0,0.7970115738432447,0.0,0.5579081016902713,True
database systems,0,0.7967488284797419,0.0,0.5577241799358194,True
classification training,0,0.7966350886488666,0.0,0.5576445620542065,True
architecture,0,0.7965865850710816,0.0,0.557610609549757,True
decision trees,0,0.7964994268952804,0.0,0.5575495988266963,True
classification problem,0,0.7963463970483391,0.0,0.5574424779338373,True
example classification,0,0.7960823808487372,0.0,0.557257666594116,True
optimizations,0,0.7952322974014028,0.0,0.5566626081809819,True
data reduction,0,0.7948716976582642,0.0,0.5564101883607848,True
neural network,0,0.7947357181956534,0.0,0.5563150027369573,True
intelligent data,0,0.7946287561573068,0.0,0.5562401293101147,True
computer architecture,0,0.7940171662845827,0.0,0.5558120163992079,True
computer networks,0,0.7938449679931456,0.0,0.5556914775952019,True
data flow,0,0.7936323147525517,0.0,0.5555426203267861,True
clustering discuss,0,0.7935328718277919,0.0,0.5554730102794543,True
classify,0,0.7934738838521889,0.0,0.5554317186965322,True
neural nets,0,0.7933897968636273,0.0,0.555372857804539,True
component analysis,0,0.7930664749793976,0.0,0.5551465324855783,True
results algorithms,0,0.7926528178291188,0.0,0.5548569724803831,True
knowledge discovery,0,0.7926487935148048,0.0,0.5548541554603633,True
clustering algorithms,0,0.7925755086330861,0.0,0.5548028560431603,True
efficient algorithms,0,0.7925118609251195,0.0,0.5547583026475836,True
clustering using,0,0.7925033886844584,0.0,0.5547523720791208,True
better classifier,0,0.7897092437144234,0.0,0.5527964706000964,True
reasoning systems,0,0.789452217113367,0.0,0.5526165519793569,True
popular supervised,0,0.7891773988069221,0.0,0.5524241791648454,True
model,0,0.7891198934734348,0.0,0.5523839254314044,True
deep learning,0,0.7888166931607752,0.0,0.5521716852125426,True
computer design,0,0.7887448909211723,0.0,0.5521214236448205,True
programming language,0,0.7885816943854376,0.0,0.5520071860698063,True
statistical learning,0,0.7882065859301669,0.0,0.5517446101511168,True
logic computer,0,0.7876779181129134,0.0,0.5513745426790394,True
computational problems,0,0.786576209117944,0.0,0.5506033463825608,True
decision tree,0,0.7863405749245568,0.0,0.5504384024471897,True
improving classification,0,0.7861145779049216,0.0,0.5502802045334451,True
web based,0,0.7860942445273349,0.0,0.5502659711691343,True
mining algorithm,0,0.7860809007482937,0.0,0.5502566305238056,True
data collection,0,0.7859423796134845,0.0,0.5501596657294391,True
graphical models,0,0.7858493967722288,0.0,0.5500945777405601,True
structured data,0,0.7858031171576174,0.0,0.5500621820103322,True
association analysis,0,0.785782042458973,0.0,0.5500474297212811,True
based clustering,0,0.7855457728475361,0.0,0.5498820409932752,True
evaluation classification,0,0.7853682794056859,0.0,0.5497577955839801,True
principles computer,0,0.7852910761126615,0.0,0.549703753278863,True
supervised clustering,0,0.7846542813239706,0.0,0.5492579969267795,True
algorithms msa,0,0.7841764469506838,0.0,0.5489235128654786,True
training classifier,0,0.7834962319286047,0.0,0.5484473623500232,True
computer science,0,0.7832625039893663,0.0,0.5482837527925564,True
structured program,0,0.7829972169536652,0.0,0.5480980518675655,True
object modelling,0,0.7828279839464595,0.0,0.5479795887625216,True
bioinformatics,0,0.78280172000041,0.0,0.547961204000287,True
query processing,0,0.7825911848199814,0.0,0.5478138293739869,True
feature engineering,0,0.7825738167266261,0.0,0.5478016717086382,True
code generation,0,0.7818802579255058,0.0,0.547316180547854,True
dynamic programming,0,0.781814915769407,0.0,0.5472704410385848,True
text mining,0,0.7816875144504655,0.0,0.5471812601153258,True
learners analyze,0,0.7815504759577719,0.0,0.5470853331704403,True
object oriented,0,0.7813476716969465,0.0,0.5469433701878625,True
data warehouse,0,0.7812539475346331,0.0,0.5468777632742431,True
classification performance,0,0.780766793696619,0.0,0.5465367555876333,True
data warehousing,0,0.780763192994338,0.0,0.5465342350960366,True
linear algorithms,0,0.7806873664404211,0.0,0.5464811565082948,True
means clustering,0,0.7805724616764548,0.0,0.5464007231735183,True
concepts automated,0,0.7805479980815458,0.0,0.5463835986570821,True
introduction basic,0,0.7794781658920638,0.0,0.5456347161244446,True
active learning,0,0.7794483012437334,0.0,0.5456138108706133,True
vector machines,0,0.7791405471017184,0.0,0.5453983829712029,True
code representations,0,0.7790859011494543,0.0,0.545360130804618,True
networking,0,0.7789899530239672,0.0,0.545292967116777,True
clustering methods,0,0.7788913573232735,0.0,0.5452239501262914,True
ml library,0,0.7787990099000673,0.0,0.5451593069300471,True
techniques nlp,0,0.7784075923815239,0.0,0.5448853146670667,True
entity recognition,0,0.7784009204920034,0.0,0.5448806443444023,True
machine svm,0,0.7783748683519705,0.0,0.5448624078463793,True
area networks,0,0.7782377239562687,0.0,0.544766406769388,True
mining database,0,0.7781421994428146,0.0,0.5446995396099702,True
suppose classifiers,0,0.7780412738759391,0.0,0.5446288917131573,True
statistical,0,0.7779256277909149,0.0,0.5445479394536404,True
vector machine,0,0.7775544377469499,0.0,0.5442881064228648,True
implementation analysis,0,0.7774069148564383,0.0,0.5441848403995068,True
lexical analysis,0,0.7773284407273148,0.0,0.5441299085091204,True
performance given,0,0.7773200743896619,0.0,0.5441240520727633,True
formal reasoning,0,0.7771904491075469,0.0,0.5440333143752828,True
processing nlp,0,0.7770798863669194,0.0,0.5439559204568435,True
information science,0,0.7770110494115477,0.0,0.5439077345880834,True
cloud computing,0,0.7767613301180615,0.0,0.543732931082643,True
machine translation,0,0.7767265939313509,0.0,0.5437086157519456,True
pre processing,0,0.7763701244055347,0.0,0.5434590870838742,True
distance based,0,0.7763011815471548,0.0,0.5434108270830083,True
feature selection,0,0.7762897440222624,0.0,0.5434028208155837,True
fuzzy logic,0,0.7762720582198822,0.0,0.5433904407539175,True
clustering performance,0,0.7762597734709237,0.0,0.5433818414296465,True
proximity based,0,0.7762385928692709,0.0,0.5433670150084896,True
dynamic models,0,0.776220589357866,0.0,0.5433544125505061,True
domain knowledge,0,0.7762146587894032,0.0,0.5433502611525822,True
software product,0,0.7761914660305934,0.0,0.5433340262214154,True
advanced database,0,0.7760662886748255,0.0,0.5432464020723778,True
applications recurrent,0,0.7759052101992561,0.0,0.5431336471394792,True
learning tools,0,0.7755363500214729,0.0,0.542875445015031,True
belief networks,0,0.7754883759587293,0.0,0.5428418631711105,True
hierarchical clustering,0,0.7754226101905974,0.0,0.5427958271334181,True
intrusion detection,0,0.7754038653581348,0.0,0.5427827057506943,True
computer networking,0,0.775274769591061,0.0,0.5426923387137427,True
semi supervised,0,0.7751061720019049,0.0,0.5425743204013334,True
suppose svm,0,0.7746827717748658,0.0,0.542277940242406,True
decision diagrams,0,0.7745309068610153,0.0,0.5421716348027107,True
execution computer,0,0.7744131427158258,0.0,0.5420891999010781,True
language understanding,0,0.774167977251695,0.0,0.5419175840761864,True
software engineering,0,0.7741624702952652,0.0,0.5419137292066856,True
regression classification,0,0.7741370535732819,0.0,0.5418959375012973,True
database architectures,0,0.7741352532221414,0.0,0.5418946772554989,True
ideas bioinformatics,0,0.7740043571039271,0.0,0.541803049972749,True
data set,0,0.7739419802320597,0.0,0.5417593861624418,True
bayesian networks,0,0.7738982422896468,0.0,0.5417287696027527,True
advanced concepts,0,0.7738666831931841,0.0,0.5417066782352288,True
learning prml,0,0.7738596935946387,0.0,0.541701785516247,True
semantic web,0,0.7738378775749363,0.0,0.5416865143024554,True
algorithms perceptrons,0,0.7738175441973496,0.0,0.5416722809381447,True
document based,0,0.7735505627135163,0.0,0.5414853938994614,True
regression trees,0,0.7734427534511037,0.0,0.5414099274157725,True
learners,0,0.7733147167141126,0.0,0.5413203016998788,True
structure prediction,0,0.7732319005616503,0.0,0.5412623303931552,True
fuzzy reasoning,0,0.7730993099953039,0.0,0.5411695169967127,True
grammar representation,0,0.7730367213174199,0.0,0.5411257049221938,True
mining text,0,0.7728079708195698,0.0,0.5409655795736988,True
distributed architecture,0,0.772726955018248,0.0,0.5409088685127735,True
recognition tokens,0,0.7726062255888271,0.0,0.5408243579121789,True
association mining,0,0.7725150430987119,0.0,0.5407605301690983,True
information storage,0,0.7718749653167648,0.0,0.5403124757217354,True
various software,0,0.771858232641459,0.0,0.5403007628490213,True
compiler optimization,0,0.7718075051005007,0.0,0.5402652535703504,True
probabilistic perspective,0,0.7717114510720053,0.0,0.5401980157504037,True
introduction bioinformatics,0,0.7716421905046007,0.0,0.5401495333532205,True
applications bioinformatics,0,0.7715758952214274,0.0,0.5401031266549992,True
recurrent networks,0,0.7715440184159401,0.0,0.5400808128911581,True
genetic algorithms,0,0.771380292365164,0.0,0.5399662046556147,True
classification regression,0,0.7712127538060906,0.0,0.5398489276642634,True
evaluation pattern,0,0.7710214929731659,0.0,0.5397150450812161,True
recognition techniques,0,0.7708129699498943,0.0,0.539569078964926,True
architectural framework,0,0.7703779203919462,0.0,0.5392645442743623,True
unsupervised learning,0,0.7702722291896987,0.0,0.5391905604327891,True
inspired optimization,0,0.7700193328059646,0.0,0.5390135329641752,True
useful scenario,0,0.7699695583920806,0.0,0.5389786908744564,True
unified software,0,0.7698445928423291,0.0,0.5388912149896303,True
dimensional training,0,0.7698050910202466,0.0,0.5388635637141727,True
ensemble learning,0,0.7697139085301314,0.0,0.538799735971092,True
neural language,0,0.7694678958419344,0.0,0.538627527089354,True
data warehouses,0,0.7694407846718189,0.0,0.5386085492702731,True
models code,0,0.7693071350753898,0.0,0.5385149945527729,True
document representation,0,0.7692589492066297,0.0,0.5384812644446407,True
network protocols,0,0.7692225185717869,0.0,0.5384557630002508,True
means algorithm,0,0.7691860879369441,0.0,0.5384302615558608,True
optimization improves,0,0.7691768743752252,0.0,0.5384238120626575,True
classifying instruction,0,0.7691057075536718,0.0,0.5383739952875702,True
quality clustering,0,0.7690547682066969,0.0,0.5383383377446879,True
peer networks,0,0.7687905402010784,0.0,0.5381533781407548,True
graph mining,0,0.7682905720990645,0.0,0.537803400469345,True
machine machine,0,0.7681789503283544,0.0,0.537725265229848,True
memory hierarchy,0,0.7681237748610489,0.0,0.5376866424027342,True
perception classification,0,0.7681178442925861,0.0,0.5376824910048102,True
advanced computer,0,0.7680540906816112,0.0,0.5376378634771278,True
complexity expressiveness,0,0.7680395819694791,0.0,0.5376277073786353,True
vector selection,0,0.7680394760664708,0.0,0.5376276332465295,True
ensemble discuss,0,0.767985359629248,0.0,0.5375897517404735,True
queries explain,0,0.7676429752035308,0.0,0.5373500826424715,True
probability models,0,0.767605379635597,0.0,0.5373237657449179,True
data insights,0,0.7675657719105063,0.0,0.5372960403373545,True
neighbor classification,0,0.7675548639006552,0.0,0.5372884047304586,True
uml patterns,0,0.7674700355910358,0.0,0.537229024913725,True
perfect classifier,0,0.7673836187362925,0.0,0.5371685331154047,True
statistical methods,0,0.7673440110112018,0.0,0.5371408077078412,True
text categorization,0,0.7671230973359632,0.0,0.5369861681351742,True
domain allocation,0,0.7670952448447897,0.0,0.5369666713913528,True
architecture control,0,0.7670025797125589,0.0,0.5369018057987912,True
integers training,0,0.7669070551991048,0.0,0.5368349386393734,True
procedural analysis,0,0.7666931311224118,0.0,0.5366851917856882,True
cognitive knowledge,0,0.7666191049196353,0.0,0.5366333734437446,True
optimization compilation,0,0.7665228390851234,0.0,0.5365659873595864,True
virtual machines,0,0.7664782539186443,0.0,0.536534777743051,True
compiler design,0,0.7662936649752403,0.0,0.5364055654826682,True
randomized algorithms,0,0.7662715312465131,0.0,0.5363900718725592,True
attributes,0,0.7660016903814567,0.0,0.5362011832670197,True
questions,0,0.7659525513856222,0.0,0.5361667859699355,True
service infrastructure,0,0.7659404784426801,0.0,0.5361583349098761,True
inputs given,0,0.7658612629924988,0.0,0.5361028840947492,True
unified modeling,0,0.7658592508353417,0.0,0.5361014755847391,True
knowledge derivations,0,0.7657848010205321,0.0,0.5360493607143725,True
data dependence,0,0.7657375682788465,0.0,0.5360162977951926,True
following corpus,0,0.7655250209412608,0.0,0.5358675146588826,True
temporal mining,0,0.76540429151184,0.0,0.5357830040582879,True
sequence model,0,0.765069214393693,0.0,0.535548450075585,True
structural,0,0.7650565060327013,0.0,0.5355395542228908,True
virtual clusters,0,0.764950073509396,0.0,0.5354650514565772,True
activation trees,0,0.7649443547469498,0.0,0.5354610483228648,True
essential bioinformatics,0,0.7648414170229173,0.0,0.5353889919160421,True
distributed query,0,0.7647953492143225,0.0,0.5353567444500257,True
knowledge hypertext,0,0.7644853711091341,0.0,0.5351397597763938,True
implementation mits,0,0.7644047789198453,0.0,0.5350833452438917,True
accuracy classifier,0,0.7643645357767049,0.0,0.5350551750436934,True
decision procedures,0,0.7643550045059612,0.0,0.5350485031541727,True
advanced bioinformatics,0,0.7642977109784904,0.0,0.5350083976849432,True
multiclass classification,0,0.7642567265142922,0.0,0.5349797085600045,True
data normalization,0,0.7642463480194824,0.0,0.5349724436136377,True
compiler construction,0,0.7641896899100612,0.0,0.5349327829370428,True
warehousing analytics,0,0.7641684034054002,0.0,0.53491788238378,True
micro project,0,0.7639823318198805,0.0,0.5347876322739163,True
biology bioinformatics,0,0.763903857690757,0.0,0.5347327003835298,True
analysis cognitive,0,0.7638739930424265,0.0,0.5347117951296986,True
fuzzy clustering,0,0.7638009199667244,0.0,0.534660643976707,True
concept hierarchy,0,0.7635869958900313,0.0,0.5345108971230219,True
gram language,0,0.7635430461416018,0.0,0.5344801322991213,True
distributed database,0,0.7635211242188912,0.0,0.5344647869532237,True
customer data,0,0.7635200651888085,0.0,0.534464045632166,True
design patterns,0,0.7634967665269905,0.0,0.5344477365688933,True
fuzzy relations,0,0.7633716950742307,0.0,0.5343601865519615,True
compilers cognitive,0,0.7633612106764126,0.0,0.5343528474734888,True
cluster following,0,0.7632687573501983,0.0,0.5342881301451388,True
cloud architectural,0,0.7632167589731407,0.0,0.5342517312811984,True
sequential activity,0,0.7632090280535374,0.0,0.5342463196374762,True
server architectures,0,0.7631115972859346,0.0,0.5341781181001541,True
learning esl,0,0.7631001597610422,0.0,0.5341701118327294,True
collection cognitive,0,0.762897885015258,0.0,0.5340285195106805,True
spatial clustering,0,0.7628628311195227,0.0,0.5340039817836658,True
lazy learners,0,0.7628588068052087,0.0,0.534001164763646,True
using hmms,0,0.7628331782772089,0.0,0.5339832247940461,True
spatial data,0,0.7627975948664322,0.0,0.5339583164065025,True
evaluation metrics,0,0.7627866868565809,0.0,0.5339506807996066,True
code scheduling,0,0.7626468948856726,0.0,0.5338528264199708,True
constraint language,0,0.7626351396517553,0.0,0.5338445977562287,True
bayesian network,0,0.7625545474624664,0.0,0.5337881832237265,True
vectors clusters,0,0.7625180109246155,0.0,0.5337626076472308,True
interactive protocols,0,0.7624652712265,0.0,0.53372568985855,True
web servers,0,0.7623648751746658,0.0,0.533655412622266,True
complexity translation,0,0.7620835967847168,0.0,0.5334585177493018,True
cloud architecture,0,0.7619976035420066,0.0,0.5333983224794046,True
databases bioinformatics,0,0.7619548187266679,0.0,0.5333683731086675,True
propositional logic,0,0.7619474055160895,0.0,0.5333631838612626,True
practical knowledge,0,0.7618876762194287,0.0,0.5333213733536,True
architecture simd,0,0.761861729982404,0.0,0.5333032109876827,True
architecture rnn,0,0.761810790635429,0.0,0.5332675534448003,True
aco algorithms,0,0.7618086725752637,0.0,0.5332660708026846,True
engelbrecht computational,0,0.7617849503014127,0.0,0.5332494652109888,True
mathematical modelling,0,0.7616963094834958,0.0,0.533187416638447,True
suitable example,0,0.761534701492885,0.0,0.5330742910450195,True
operations instruction,0,0.7614827031158274,0.0,0.5330378921810792,True
sentiment analysis,0,0.7613435465629687,0.0,0.532940482594078,True
clustering constraints,0,0.7613371923824729,0.0,0.532936034667731,True
clustering accuracy,0,0.7611316346434326,0.0,0.5327921442504028,True
foreign network,0,0.7610432056315323,0.0,0.5327302439420726,True
data security,0,0.7607827901342112,0.0,0.5325479530939479,True
web services,0,0.7606856770756333,0.0,0.5324799739529432,True
iterative activity,0,0.7606230883977493,0.0,0.5324361618784245,True
method,0,0.76059926022089,0.0,0.532419482154623,True
systems programmer,0,0.760565583064262,0.0,0.5323959081449834,True
fuzzy composition,0,0.7605592288837661,0.0,0.5323914602186363,False
morphology clustering,0,0.7604493015611883,0.0,0.5323145110928318,False
evaluation measures,0,0.7604135063443951,0.0,0.5322894544410766,False
classification rough,0,0.7603839594050894,0.0,0.5322687715835626,False
decision boundary,0,0.7603485878003292,0.0,0.5322440114602304,False
service oriented,0,0.7603289957438004,0.0,0.5322302970206603,False
semantics nlp,0,0.7601805197262145,0.0,0.5321263638083501,False
cloud based,0,0.7600360680229424,0.0,0.5320252476160596,False
explain examples,0,0.7599673369705792,0.0,0.5319771358794054,False
xml students,0,0.7599091962190423,0.0,0.5319364373533295,False
model performance,0,0.7598923576407284,0.0,0.5319246503485098,False
gradient descent,0,0.75964581543749,0.0,0.531752070806243,False
learning graphql,0,0.7595310165765319,0.0,0.5316717116035723,False
project shall,0,0.7594783827814248,0.0,0.5316348679469973,False
analysing transactional,0,0.7594761588182511,0.0,0.5316333111727758,False
clusters discrete,0,0.7593776690205658,0.0,0.531564368314396,False
equivalence programs,0,0.7593755509604004,0.0,0.5315628856722803,False
core network,0,0.7593454745060535,0.0,0.5315418321542374,False
functions clustering,0,0.7593260942555412,0.0,0.5315282659788788,False
ant systems,0,0.7592133075517402,0.0,0.5314493152862181,False
swarm intelligent,0,0.7590611249288649,0.0,0.5313427874502054,False
data transfer,0,0.758752947174817,0.0,0.5311270630223719,False
genetic algorithm,0,0.7586745789487017,0.0,0.5310722052640912,False
forward neural,0,0.7585552262583882,0.0,0.5309886583808717,False
measuring similarity,0,0.7585522609741568,0.0,0.5309865826819098,False
classifier cifar,0,0.7585453772786197,0.0,0.5309817640950337,False
sat solvers,0,0.7584356617620582,0.0,0.5309049632334407,False
unstructured text,0,0.7584140575483724,0.0,0.5308898402838607,False
summarisation nlp,0,0.7584078092708849,0.0,0.5308854664896194,False
foundations statistical,0,0.7583293351417614,0.0,0.5308305345992329,False
security architecture,0,0.7582044754950181,0.0,0.5307431328465126,False
dimensionality reduction,0,0.7581132930049029,0.0,0.530679305103432,False
corresponding outputs,0,0.7579298689945898,0.0,0.5305509082962129,False
topics prentice,0,0.7579028637274826,0.0,0.5305320046092378,False
task seminar,0,0.7578541483436811,0.0,0.5304979038405767,False
code motion,0,0.7577947367560451,0.0,0.5304563157292316,False
backtracking level,0,0.7577933600169376,0.0,0.5304553520118563,False
dictionary learning,0,0.7577845700672518,0.0,0.5304491990470762,False
simd computers,0,0.7577538581948552,0.0,0.5304277007363986,False
soap architecture,0,0.757666276407021,0.0,0.5303663934849147,False
analysis dynamic,0,0.7575367570279142,0.0,0.53027572991954,False
accuracy estimation,0,0.7575171649713854,0.0,0.5302620154799698,False
advanced compiler,0,0.757474062447022,0.0,0.5302318437129153,False
mining social,0,0.7573685830507911,0.0,0.5301580081355538,False
biological databases,0,0.7573111836203121,0.0,0.5301178285342184,False
precision recall,0,0.7568957261188928,0.0,0.5298270082832249,False
enterprise cloud,0,0.756889371938397,0.0,0.5298225603568779,False
conceptual level,0,0.7568470107350914,0.0,0.529792907514564,False
networking applications,0,0.7565280308742005,0.0,0.5295696216119403,False
suppose corpus,0,0.7564774092362504,0.0,0.5295341864653752,False
requirement elicitation,0,0.756465654002333,0.0,0.529525957801633,False
performance hardware,0,0.7563679055257054,0.0,0.5294575338679938,False
illustrate feature,0,0.7562876310454414,0.0,0.529401341731809,False
uml diagrams,0,0.7562177350599872,0.0,0.529352414541991,False
private networks,0,0.7560788962161533,0.0,0.5292552273513073,False
process model,0,0.7560745541928144,0.0,0.5292521879349701,False
project management,0,0.7560524204640873,0.0,0.5292366943248611,False
ensemble methods,0,0.7559887727561206,0.0,0.5291921409292845,False
fuzzy sets,0,0.7559407986933772,0.0,0.529158559085364,False
bayes algorithm,0,0.7559272431083194,0.0,0.5291490701758236,False
vector semantics,0,0.7559041562525178,0.0,0.5291329093767625,False
applications real,0,0.7558234581602207,0.0,0.5290764207121544,False
loop optimization,0,0.755650624450734,0.0,0.5289554371155138,False
lstm google,0,0.7556421522100729,0.0,0.528949506547051,False
sequence alignment,0,0.7556289143340399,0.0,0.5289402400338279,False
design principles,0,0.7556204420933789,0.0,0.5289343094653651,False
idea group,0,0.7555563707733791,0.0,0.5288894595413653,False
commerce application,0,0.7554526917282888,0.0,0.5288168842098021,False
bioinformatics tools,0,0.7554337350898095,0.0,0.5288036145628666,False
distributed shared,0,0.7552259533875958,0.0,0.528658167371317,False
efficiently routing,0,0.7550810780722907,0.0,0.5285567546506035,False
distributed storage,0,0.7549392739442253,0.0,0.5284574917609577,False
analyse requirements,0,0.7548899231423744,0.0,0.528422946199662,False
code sequence,0,0.7548097545651186,0.0,0.528366828195583,False
nlp syntax,0,0.7546986623094497,0.0,0.5282890636166148,False
morphological rich,0,0.7546470875444252,0.0,0.5282529612810977,False
helps learners,0,0.7545754971108388,0.0,0.5282028479775871,False
swarm optimization,0,0.7545351480646902,0.0,0.5281746036452831,False
tables given,0,0.7545022122291202,0.0,0.528151548560384,False
syllabus,0,0.7544938458914674,0.0,0.5281456921240272,False
storage allocation,0,0.7544408943873354,0.0,0.5281086260711347,False
memory addressing,0,0.7542123556955019,0.0,0.5279486489868513,False
em algorithm,0,0.7541615222515352,0.0,0.5279130655760746,False
clusters identified,0,0.754080400547205,0.0,0.5278562803830434,False
metric methods,0,0.7540605966846597,0.0,0.5278424176792618,False
boosting ensemble,0,0.7540120931068749,0.0,0.5278084651748124,False
features service,0,0.7539955722375856,0.0,0.5277969005663099,False
data cleaning,0,0.7539765096960982,0.0,0.5277835567872687,False
classify new,0,0.7539445269876025,0.0,0.5277611688913217,False
memory references,0,0.7539213342287927,0.0,0.5277449339601549,False
backward selection,0,0.7539121206670737,0.0,0.5277384844669516,False
sentiment classification,0,0.7538929522225779,0.0,0.5277250665558045,False
optimization ra,0,0.7538096065550742,0.0,0.5276667245885519,False
architecture soap,0,0.7537097400182814,0.0,0.5275968180127969,False
maximization em,0,0.7535596754555715,0.0,0.5274917728189,False
data center,0,0.7535368004057864,0.0,0.5274757602840504,False
optimising sentiment,0,0.7535235625297534,0.0,0.5274664937708273,False
students institute,0,0.7534123643710763,0.0,0.5273886550597534,False
solutions cognitive,0,0.7533044492056554,0.0,0.5273131144439588,False
distributed cloud,0,0.7531890149266477,0.0,0.5272323104486534,False
alignment sequences,0,0.7531194366502184,0.0,0.5271836056551529,False
project organisation,0,0.7531075755132928,0.0,0.5271753028593049,False
clustering criterion,0,0.7530901015169292,0.0,0.5271630710618505,False
accessing retrieval,0,0.7530831119183838,0.0,0.5271581783428686,False
examination pattern,0,0.7530282541601031,0.0,0.5271197779120721,False
students answer,0,0.7529932002643678,0.0,0.5270952401850574,False
project organization,0,0.7529808096124009,0.0,0.5270865667286806,False
designing compiler,0,0.7529789033582521,0.0,0.5270852323507764,False
formulation propositional,0,0.7529705370205994,0.0,0.5270793759144196,False
categorical data,0,0.7529568755325332,0.0,0.5270698128727732,False
database searches,0,0.7529290230413599,0.0,0.5270503161289519,False
testing knowledge,0,0.7528934396305832,0.0,0.5270254077414082,False
challenges clouds,0,0.7528570089957404,0.0,0.5269999062970182,False
suppose given,0,0.7528001390803026,0.0,0.5269600973562119,False
values,0,0.7527298194828155,0.0,0.5269108736379708,False
features recurrent,0,0.752711180553361,0.0,0.5268978263873526,False
scoring matrices,0,0.7524666505072797,0.0,0.5267266553550958,False
layer implemented,0,0.7524166642873791,0.0,0.5266916650011653,False
cluster centers,0,0.7524099923978584,0.0,0.5266869946785009,False
networks pearson,0,0.752380551361561,0.0,0.5266663859530927,False
model xsd,0,0.7523030303595118,0.0,0.5266121212516582,False
course provides,0,0.7522435128688676,0.0,0.5265704590082073,False
discovered knowledge,0,0.752207188137033,0.0,0.526545031695923,False
tf idf,0,0.752146188004273,0.0,0.5265023316029911,False
soap based,0,0.7521435404290664,0.0,0.5265004783003464,False
garbage collector,0,0.7521347504793805,0.0,0.5264943253355663,False
sequence diagram,0,0.7520269412169679,0.0,0.5264188588518774,False
test paper,0,0.7519646702481086,0.0,0.526375269173676,False
overlay networks,0,0.7518534720894315,0.0,0.526297430462602,False
memory consistency,0,0.7518510363202415,0.0,0.526295725424169,False
cache optimization,0,0.7518311265546879,0.0,0.5262817885882815,False
mapping feature,0,0.7517883417393493,0.0,0.5262518392175445,False
arithmetic cognitive,0,0.7517224700682091,0.0,0.5262057290477463,False
shall normalized,0,0.7516845567912507,0.0,0.5261791897538755,False
cache optimizations,0,0.7516410306548542,0.0,0.5261487214583979,False
classes relationships,0,0.7516055531470858,0.0,0.52612388720296,False
particle swarm,0,0.7515856433815322,0.0,0.5261099503670725,False
requirements elicitation,0,0.751530997429268,0.0,0.5260716982004876,False
skills comprehension,0,0.7515073810584252,0.0,0.5260551667408976,False
virtualization,0,0.7514749747378964,0.0,0.5260324823165274,False
mining frequent,0,0.7514570771294998,0.0,0.5260199539906498,False
fuzzy set,0,0.7513132608442774,0.0,0.5259192825909942,False
project communication,0,0.7512882677343271,0.0,0.5259017874140289,False
concepts convolutional,0,0.7512796895906577,0.0,0.5258957827134604,False
security models,0,0.7512787364635833,0.0,0.5258951155245083,False
representation object,0,0.7511931668329062,0.0,0.5258352167830342,False
performance summarizer,0,0.7510299702971714,0.0,0.52572097920802,False
tasks activities,0,0.7510166265181302,0.0,0.5257116385626911,False
alignment scoring,0,0.7508822356006433,0.0,0.5256175649204502,False
logic ackermann,0,0.7508748223900649,0.0,0.5256123756730454,False
understanding students,0,0.750794230200776,0.0,0.5255559611405431,False
sdn,0,0.7507876642142636,0.0,0.5255513649499844,False
practical engineering,0,0.7507029418076525,0.0,0.5254920592653567,False
core courses,0,0.7506373878455371,0.0,0.525446171491876,False
learner develop,0,0.7506246794845455,0.0,0.5254372756391817,False
practical applications,0,0.7505147521619675,0.0,0.5253603265133772,False
heap allocation,0,0.7505128459078187,0.0,0.5253589921354731,False
hierarchical topical,0,0.7504574586344968,0.0,0.5253202210441477,False
mobile nodes,0,0.7503687119135716,0.0,0.5252580983395001,False
virtualization structure,0,0.750346789990861,0.0,0.5252427529936027,False
register allocation,0,0.7503277274493735,0.0,0.5252294092145614,False
topic modelling,0,0.7503031579514562,0.0,0.5252122105660193,False
cable networks,0,0.7502904495904645,0.0,0.5252033147133252,False
resource provisioning,0,0.7502762585873572,0.0,0.52519338101115,False
association rules,0,0.7502334737720185,0.0,0.5251634316404129,False
summarization extraction,0,0.7502248956283493,0.0,0.5251574269398445,False
multimedia simd,0,0.7501708850941347,0.0,0.5251196195658943,False
characteristic roc,0,0.7501340308472588,0.0,0.5250938215930812,False
defined networking,0,0.7500403066849453,0.0,0.5250282146794616,False
data store,0,0.7498153686953927,0.0,0.5248707580867749,False
text visualization,0,0.7497202677939717,0.0,0.5248041874557802,False
student answer,0,0.7497032174096412,0.0,0.5247922521867489,False
parameters model,0,0.74967462359741,0.0,0.5247722365181869,False
graphical bayesian,0,0.749669010737972,0.0,0.5247683075165803,False
relation extraction,0,0.7496340627452449,0.0,0.5247438439216714,False
learning mcgraw,0,0.749596784886336,0.0,0.5247177494204351,False
multimedia internet,0,0.7495775105388319,0.0,0.5247042573771823,False
molecular biology,0,0.7495583420943361,0.0,0.5246908394660352,False
ambiguity nlp,0,0.7495580243853114,0.0,0.524690617069718,False
clustering regression,0,0.7495541059740056,0.0,0.524687874181804,False
identified,0,0.7494312584844195,0.0,0.5246018809390937,False
model checking,0,0.7493673989704364,0.0,0.5245571792793055,False
morphological operations,0,0.7492999387541722,0.0,0.5245099571279205,False
technological university,0,0.7492959144398582,0.0,0.5245071401079007,False
web development,0,0.7492752633532468,0.0,0.5244926843472727,False
analysis genes,0,0.749258107065908,0.0,0.5244806749461356,False
learning hours,0,0.7492453987049164,0.0,0.5244717790934414,False
memory multiprocessors,0,0.7492004958294124,0.0,0.5244403470805886,False
constrained,0,0.7491621589404209,0.0,0.5244135112582946,False
operation multiprocessors,0,0.7491561224689498,0.0,0.5244092857282648,False
clauses,0,0.7491272109476939,0.0,0.5243890476633857,False
graphql introduction,0,0.7490263912838265,0.0,0.5243184738986786,False
virtualization data,0,0.7489251480079263,0.0,0.5242476036055483,False
global internet,0,0.7486885606874647,0.0,0.5240819924812252,False
assembly language,0,0.7485465447533828,0.0,0.523982581327368,False
step model,0,0.7484824734333831,0.0,0.5239377314033682,False
wunsch algorithm,0,0.7484767546709369,0.0,0.5239337282696558,False
probability theory,0,0.7482546760626074,0.0,0.5237782732438252,False
evaluating query,0,0.7482098790901118,0.0,0.5237469153630783,False
parameter estimation,0,0.7481740838733186,0.0,0.523721858711323,False
biological data,0,0.7480234897955673,0.0,0.5236164428568971,False
access data,0,0.747906149262411,0.0,0.5235343044836877,False
identities optimization,0,0.747851185601122,0.0,0.5234958299207854,False
relations given,0,0.7476851296841641,0.0,0.5233795907789148,False
grade student,0,0.7475957475451894,0.0,0.5233170232816325,False
service packet,0,0.7475777440337845,0.0,0.5233044208236491,False
marks,0,0.7475687422780821,0.0,0.5232981195946574,False
domain adequate,0,0.7475592110073384,0.0,0.5232914477051368,False
word embedding,0,0.7475488325125286,0.0,0.52328418275877,False
sun compilers,0,0.747415818334149,0.0,0.5231910728339043,False
requirements ktu,0,0.7473944259264798,0.0,0.5231760981485358,False
redundancy semantics,0,0.747351217499108,0.0,0.5231458522493756,False
course semester,0,0.7473128806101166,0.0,0.5231190164270816,False
context rnns,0,0.747251245059307,0.0,0.5230758715415148,False
data nominal,0,0.7472462676179186,0.0,0.523072387332543,False
boolean expressions,0,0.7472024237724972,0.0,0.5230416966407481,False
orders optimization,0,0.7471992466822494,0.0,0.5230394726775746,False
conceptual levels,0,0.7471118767004317,0.0,0.5229783136903021,False
distributed hash,0,0.747098003406349,0.0,0.5229686023844443,False
virtualization applied,0,0.7470484407984815,0.0,0.5229339085589371,False
explain,0,0.7470368973705808,0.0,0.5229258281594065,False
covers concepts,0,0.7470030084079363,0.0,0.5229021058855554,False
naive bayes,0,0.7469211453825483,0.0,0.5228448017677838,False
program outcomes,0,0.7468011572741853,0.0,0.5227608100919297,False
dynamic web,0,0.7467615495490946,0.0,0.5227330846843662,False
memory virtualization,0,0.7467566780107144,0.0,0.5227296746075001,False
contain,0,0.746626099601525,0.0,0.5226382697210675,False
multimedia introduced,0,0.7466122263074425,0.0,0.5226285584152097,False
group projects,0,0.7465684883650295,0.0,0.5225979418555207,False
virtualized web,0,0.7464995455066498,0.0,0.5225496818546548,False
memory devices,0,0.7464972156404679,0.0,0.5225480509483275,False
phylogenetic tree,0,0.746485989921592,0.0,0.5225401929451143,False
algorithm simplify,0,0.7464333561264848,0.0,0.5225033492885393,False
security cloud,0,0.7462951527007003,0.0,0.5224066068904902,False
sentence files,0,0.7462154077354777,0.0,0.5223507854148344,False
branch prediction,0,0.7462073591068495,0.0,0.5223451513747946,False
regular expressions,0,0.746195074357891,0.0,0.5223365520505237,False
loops flow,0,0.7461079161820898,0.0,0.5222755413274629,False
module student,0,0.7460803813999412,0.0,0.5222562669799587,False
normalized mutual,0,0.7459794558330657,0.0,0.522185619083146,False
control flow,0,0.7459372005327684,0.0,0.5221560403729378,False
implement cloud,0,0.7459152786100577,0.0,0.5221406950270403,False
bioinformatics vs,0,0.7458245197319756,0.0,0.5220771638123829,False
identify cloud,0,0.7455969341672164,0.0,0.5219178539170515,False
following constraints,0,0.7454597897715146,0.0,0.5218218528400602,False
better method,0,0.745354416278292,0.0,0.5217480913948044,False
synthesis evaluation,0,0.745249254591086,0.0,0.5216744782137602,False
difference logic,0,0.7451519297264915,0.0,0.521606350808544,False
development virtualization,0,0.7451231241082437,0.0,0.5215861868757705,False
instruction count,0,0.7450579937581614,0.0,0.521540595630713,False
memory accesses,0,0.7449805786591205,0.0,0.5214864050613843,False
students shall,0,0.7449545265190876,0.0,0.5214681685633613,False
unsatisfiable core,0,0.7449460542784264,0.0,0.5214622379948984,False
r1 r2,0,0.7447426145995515,0.0,0.521319830219686,False
following statistics,0,0.7447089374429235,0.0,0.5212962562100465,False
domains data,0,0.744703536389502,0.0,0.5212924754726515,False
course outcomes,0,0.7446334285980314,0.0,0.5212434000186219,False
backpropagation algorithm,0,0.7445834423781308,0.0,0.5212084096646915,False
schema classes,0,0.7445777236156845,0.0,0.5212044065309791,False
prediction positive,0,0.7444766921458008,0.0,0.5211336845020605,False
multiprocessor communication,0,0.7444461920794208,0.0,0.5211123344555945,False
app engine,0,0.7443962058595203,0.0,0.5210773441016642,False
semantics embeddings,0,0.7442376690561492,0.0,0.5209663683393044,False
instruction encoding,0,0.7441932956956866,0.0,0.5209353069869805,False
prediction phylogenetic,0,0.7441909658295047,0.0,0.5209336760806533,False
module studentshould,0,0.7441672435556537,0.0,0.5209170704889575,False
validation sets,0,0.7441523112314885,0.0,0.520906617862042,False
implication graph,0,0.7439425173721177,0.0,0.5207597621604824,False
text normalisation,0,0.7439358454825971,0.0,0.5207550918378179,False
codes amino,0,0.7439297031081177,0.0,0.5207507921756823,False
restful web,0,0.7438526057181016,0.0,0.5206968240026711,False
lifecycle models,0,0.7437318762886808,0.0,0.5206123134020765,False
test dataset,0,0.7436948102357883,0.0,0.5205863671650518,False
communications addison,0,0.7436752181792595,0.0,0.5205726527254816,False
sentiment analyser,0,0.7435043966269299,0.0,0.520453077638851,False
practical guide,0,0.7434789799049465,0.0,0.5204352859334626,False
structure wsdl,0,0.7433544379672282,0.0,0.5203481065770598,False
test using,0,0.7433520021980381,0.0,0.5203464015386267,False
inspect programming,0,0.7431468680710309,0.0,0.5202028076497216,False
apriori algorithm,0,0.7430053816519904,0.0,0.5201037671563933,False
virtualization management,0,0.7427827735286195,0.0,0.5199479414700336,False
remote communication,0,0.7426637385473309,0.0,0.5198646169831316,False
garbage collectors,0,0.7426310145177774,0.0,0.5198417101624441,False
answer questions,0,0.7425557174789018,0.0,0.5197890022352313,False
boolean constraints,0,0.7425478806562903,0.0,0.5197835164594031,False
roc curve,0,0.7424867746205219,0.0,0.5197407422343653,False
semester examination,0,0.7424620992195965,0.0,0.5197234694537175,False
configuration management,0,0.7423277083021096,0.0,0.5196293958114767,False
growth algorithm,0,0.742229959825482,0.0,0.5195609718778373,False
dominators algorithm,0,0.7422092028358622,0.0,0.5195464419851036,False
bidirectional rnns,0,0.7421317877368213,0.0,0.5194922514157749,False
sql injection,0,0.7420498188084251,0.0,0.5194348731658975,False
pso algorithm,0,0.7419688030071032,0.0,0.5193781621049722,False
elective course,0,0.7419243237436324,0.0,0.5193470266205427,False
cloud platforms,0,0.7418798444801615,0.0,0.5193158911361131,False
implement pipelining,0,0.7418751847477979,0.0,0.5193126293234585,False
document grouping,0,0.7418690423733186,0.0,0.519308329661323,False
performance cognitive,0,0.7418637472229054,0.0,0.5193046230560338,False
secondary structure,0,0.741824669012856,0.0,0.5192772683089992,False
prove feasibility,0,0.7417744709869389,0.0,0.5192421296908573,False
control statements,0,0.741704680904493,0.0,0.5191932766331451,False
xml databases,0,0.7416443161897825,0.0,0.5191510213328477,False
parameter optimisation,0,0.7416307606047248,0.0,0.5191415324233073,False
matrix encoding,0,0.741624406424229,0.0,0.5191370844969603,False
cycle operations,0,0.7415922119097167,0.0,0.5191145483368017,False
parallel query,0,0.7414409824139159,0.0,0.5190086876897411,False
encoding instruction,0,0.7413754284518005,0.0,0.5189627999162603,False
artificial neuron,0,0.7413014022490241,0.0,0.5189109815743168,False
gpu architecture,0,0.7412826574165613,0.0,0.5188978601915929,False
counting problems,0,0.7412611591058837,0.0,0.5188828113741186,False
storage networking,0,0.7412317180695864,0.0,0.5188622026487105,False
disadvantages,0,0.7411558915156694,0.0,0.5188091240609686,False
support vector,0,0.74108387747005,0.0,0.518758714229035,False
students list,0,0.7409096670214559,0.0,0.5186367669150191,False
shared memory,0,0.7408431599322661,0.0,0.5185902119525863,False
direct solution,0,0.7407871372408945,0.0,0.5185509960686261,False
communications pearson,0,0.740686211674019,0.0,0.5184803481718133,False
add students,0,0.7406495692331597,0.0,0.5184546984632118,False
schemas multidimensional,0,0.7405624110573585,0.0,0.5183936877401509,False
instruction pipelines,0,0.7405548919437718,0.0,0.5183884243606403,False
attendance monitoring,0,0.7405203675630777,0.0,0.5183642572941544,False
improve capability,0,0.7405018345366315,0.0,0.518351284175642,False
project organizations,0,0.7404920914598713,0.0,0.5183444640219098,False
smoothing web,0,0.7404508951896566,0.0,0.5183156266327595,False
differentiated services,0,0.7403052785532938,0.0,0.5182136949873056,False
dag representation,0,0.7402233096248975,0.0,0.5181563167374282,False
understanding virtualization,0,0.7401618858801043,0.0,0.518113320116073,False
illustrate example,0,0.7401387990243029,0.0,0.5180971593170121,False
project requirements,0,0.7400935784397742,0.0,0.5180655049078419,False
bgp implement,0,0.7400840471690304,0.0,0.5180588330183212,False
hadoop cluster,0,0.739944255198122,0.0,0.5179609786386854,False
learning sentiment,0,0.7399147082588164,0.0,0.5179402957811715,False
bidirectional rnn,0,0.7398608036276101,0.0,0.517902562539327,False
qos architectural,0,0.7397947201504534,0.0,0.5178563041053174,False
distributed rdb,0,0.7397809527593792,0.0,0.5178466669315653,False
opinion explanation,0,0.7397425099673793,0.0,0.5178197569771655,False
frequent item,0,0.7395656519435786,0.0,0.517695956360505,False
ant colony,0,0.7394765875136287,0.0,0.51763361125954,False
develop compilers,0,0.7394471464773312,0.0,0.5176130025341318,False
continuous attributes,0,0.7394387801396785,0.0,0.5176071460977749,False
course covers,0,0.7394181290530669,0.0,0.5175926903371468,False
vmm,0,0.7393921828160424,0.0,0.5175745279712296,False
support vectors,0,0.7393596705925053,0.0,0.5175517694147537,False
tagging morphological,0,0.7393307590712492,0.0,0.5175315313498744,False
networking trends,0,0.7393280055930344,0.0,0.517529603915124,False
jax rs,0,0.7392693353264562,0.0,0.5174885347285193,False
speech tagging,0,0.7391903316822913,0.0,0.5174332321776038,False
equality logic,0,0.7391701042077129,0.0,0.517419072945399,False
associative caches,0,0.7391245659141594,0.0,0.5173871961399116,False
developing cloud,0,0.7391120693591843,0.0,0.517378448551429,False
beneficial situation,0,0.7389961055651353,0.0,0.5172972738955947,False
incremental translation,0,0.7389785256657635,0.0,0.5172849679660344,False
principles techniques,0,0.7389417773218959,0.0,0.5172592441253271,False
compiler testing,0,0.7389030168208713,0.0,0.5172321117746099,False
semester examinations,0,0.7388931678411028,0.0,0.5172252174887719,False
search query,0,0.7387994436787892,0.0,0.5171596105751525,False
microarray bioinformatics,0,0.7387449036295333,0.0,0.5171214325406732,False
helps students,0,0.7386626169921122,0.0,0.5170638318944786,False
strong induction,0,0.7385416757566748,0.0,0.5169791730296723,False
mpls internet,0,0.73853648650927,0.0,0.516975540556489,False
matrices feature,0,0.7384659551057662,0.0,0.5169261685740363,False
instructions pipelined,0,0.7384490106244439,0.0,0.5169143074371108,False
normalization standardization,0,0.7384414915108573,0.0,0.5169090440576001,False
representation rule,0,0.7384392675476836,0.0,0.5169074872833785,False
embeddings bias,0,0.7384138508257003,0.0,0.5168896955779902,False
probability problems,0,0.7383391892048743,0.0,0.516837432443412,False
centralized server,0,0.7381824527526437,0.0,0.5167277169268506,False
k1,0,0.7381557651945612,0.0,0.5167090356361927,False
expressions incremental,0,0.7380627823533055,0.0,0.5166439476473138,False
disease prediction,0,0.7380029471536363,0.0,0.5166020630075454,False
database security,0,0.7379875912174381,0.0,0.5165913138522066,False
hypervisors examples,0,0.7379376049975376,0.0,0.5165563234982763,False
objective genetic,0,0.7378674972060668,0.0,0.5165072480442467,False
phases compiler,0,0.737826618644877,0.0,0.5164786330514138,False
h323 architectural,0,0.7378134866718522,0.0,0.5164694406702965,False
overfitting accuracy,0,0.7377578875925137,0.0,0.5164305213147595,False
architecture gpu,0,0.7377212451516544,0.0,0.516404871606158,False
graphql architecture,0,0.737701017677076,0.0,0.5163907123739532,False
iteration terms,0,0.7376962520417041,0.0,0.5163873764291929,False
microarrays applications,0,0.7376545262564481,0.0,0.5163581683795136,False
review mining,0,0.7376513491662002,0.0,0.5163559444163401,False
a1 10,0,0.7376270973773077,0.0,0.5163389681641154,False
bagging boosting,0,0.7375598489670602,0.0,0.5162918942769421,False
box contains,0,0.737543328097771,0.0,0.5162803296684397,False
chat application,0,0.7375351735661346,0.0,0.5162746214962942,False
model transformation,0,0.7375014964095068,0.0,0.5162510474866547,False
nonlinear svm,0,0.7374507688685483,0.0,0.5162155382079838,False
verified faculty,0,0.7374434615609782,0.0,0.5162104230926847,False
multicast protocols,0,0.7374133851066311,0.0,0.5161893695746418,False
instructions,0,0.7374053364780031,0.0,0.5161837355346022,False
solvers linear,0,0.7373172251751275,0.0,0.5161220576225892,False
recall score,0,0.7372852424666319,0.0,0.5160996697266422,False
expressions translation,0,0.737238751046004,0.0,0.5160671257322028,False
mount bioinformatics,0,0.737132000813674,0.0,0.5159924005695717,False
processor multiprocessor,0,0.7369787591607161,0.0,0.5158851314125013,False
probability,0,0.7369563077229642,0.0,0.5158694154060749,False
explain lstm,0,0.7369026148977743,0.0,0.5158318304284419,False
security dba,0,0.7368814342961215,0.0,0.515817004007285,False
course probability,0,0.7367477846996925,0.0,0.5157234492897848,False
phylogenetic analysis,0,0.7366843487977425,0.0,0.5156790441584197,False
planned communication,0,0.73662959694247,0.0,0.515640717859729,False
swarm follows,0,0.7364711660421072,0.0,0.515529816229475,False
reduction propositional,0,0.7363231136365542,0.0,0.5154261795455879,False
r1 r9,0,0.7362994972657114,0.0,0.515409648085998,False
r6 r1,0,0.7362886951588685,0.0,0.5154020866112079,False
performance issues,0,0.7362659260120917,0.0,0.5153861482084642,False
associative cache,0,0.7361965595416788,0.0,0.5153375916791751,False
server virtualization,0,0.7361876636889847,0.0,0.5153313645822892,False
following standards,0,0.7361870282709351,0.0,0.5153309197896545,False
boolean association,0,0.7361647886391997,0.0,0.5153153520474397,False
encoder decoder,0,0.7360898093093489,0.0,0.5152628665165442,False
k2,0,0.7360190660998286,0.0,0.51521334626988,False
vectors dictionaries,0,0.7359491701143743,0.0,0.515164419080062,False
indexing parallel,0,0.7359069148140771,0.0,0.5151348403698539,False
symbolic registers,0,0.7358781091958293,0.0,0.5151146764370805,False
frequent itemset,0,0.7358750380085897,0.0,0.5151125266060127,False
formula propositional,0,0.7358732376574492,0.0,0.5151112663602144,False
extractive summary,0,0.7358640240957302,0.0,0.515104816867011,False
penn treebank,0,0.7358023885449206,0.0,0.5150616719814444,False
xml tree,0,0.735715442175136,0.0,0.5150008095225952,False
method overcome,0,0.7357066522254501,0.0,0.5149946565578151,False
discrete distributions,0,0.7357009334630038,0.0,0.5149906534241027,False
virtualization cloud,0,0.7356952147005575,0.0,0.5149866502903903,False
discussed curriculum,0,0.7356006433141778,0.0,0.5149204503199245,False
programs replacing,0,0.7355821102877317,0.0,0.5149074772014122,False
mobile routing,0,0.7354359641363275,0.0,0.5148051748954292,False
fuzzy genetic,0,0.735374752197551,0.0,0.5147623265382857,False
weaknesses cognitive,0,0.7353368389205924,0.0,0.5147357872444147,False
lstms grus,0,0.7352758387878324,0.0,0.5146930871514827,False
publications shall,0,0.7352696964133532,0.0,0.5146887874893472,False
draw graphs,0,0.735213461915965,0.0,0.5146494233411755,False
misses instruction,0,0.7352065782204279,0.0,0.5146446047542995,False
explicit routing,0,0.7351284218003291,0.0,0.5145898952602304,False
colour attributes,0,0.7350879668511723,0.0,0.5145615767958206,False
models hours,0,0.7349987965182141,0.0,0.5144991575627499,False
squared cost,0,0.7349394908335862,0.0,0.5144576435835103,False
paas model,0,0.7346643548181166,0.0,0.5142650483726816,False
key privacy,0,0.7344627154903821,0.0,0.5141239008432674,False
provider data,0,0.734414106009589,0.0,0.5140898742067123,False
overfitting regularization,0,0.7343688854250603,0.0,0.5140582197975422,False
multilayer perceptron,0,0.7343497169805646,0.0,0.5140448018863952,False
maximum likelihood,0,0.7343327724992423,0.0,0.5140329407494696,False
fuzzy controllers,0,0.7342492150257222,0.0,0.5139744505180055,False
competing query,0,0.7341895916320695,0.0,0.5139327141424487,False
identify storage,0,0.734168093321392,0.0,0.5139176653249744,False
frequent itemsets,0,0.734091843155442,0.0,0.5138642902088093,False
mits pipeline,0,0.7339292820377569,0.0,0.5137504974264298,False
estimation mle,0,0.7339238809843354,0.0,0.5137467166890347,False
evolution soap,0,0.7338687055170299,0.0,0.5137080938619208,False
optimization causes,0,0.7337421514221545,0.0,0.5136195059955081,False
hybrid cloud,0,0.7335655052043704,0.0,0.5134958536430593,False
model parameters,0,0.7335430537666184,0.0,0.5134801376366329,False
storage virtualization,0,0.7334310083838752,0.0,0.5134017058687126,False
publishing,0,0.7334238069793132,0.0,0.5133966648855192,False
complexity subsystem,0,0.7334225361432141,0.0,0.5133957753002498,False
report contain,0,0.733414487514586,0.0,0.5133901412602102,False
domain instantiations,0,0.7332969351754131,0.0,0.5133078546227892,False
cellular internet,0,0.7330770805302572,0.0,0.51315395637118,False
assessment questions,0,0.7330390613502904,0.0,0.5131273429452032,False
investigation developmentwork,0,0.7330160803974972,0.0,0.513111256278248,False
satisfiability,0,0.7329121895463903,0.0,0.5130385326824731,False
roles tasks,0,0.7328223837953824,0.0,0.5129756686567677,False
implementation deployment,0,0.7327942135951843,0.0,0.5129559495166289,False
bayes logistic,0,0.7326930762222923,0.0,0.5128851533556046,False
sentimental analysis,0,0.7326400188151521,0.0,0.5128480131706065,False
map reduce,0,0.7324748101222603,0.0,0.5127323670855822,False
positive examples,0,0.732465808366558,0.0,0.5127260658565905,False
intermediate languages,0,0.7324194228489384,0.0,0.5126935959942568,False
greater security,0,0.7322712645403772,0.0,0.512589885178264,False
simplex algorithm,0,0.7321021374361797,0.0,0.5124714962053257,False
probability bayes,0,0.7317743676256029,0.0,0.5122420573379219,False
admitted university,0,0.7317573172412724,0.0,0.5122301220688906,False
using xml,0,0.7314183217118196,0.0,0.5119928251982737,False
marks question,0,0.7313402711947291,0.0,0.5119381898363103,False
virtualization support,0,0.7313166548238862,0.0,0.5119216583767203,False
explain security,0,0.7312177414141677,0.0,0.5118524189899174,False
emulation interpretation,0,0.7311626718498705,0.0,0.5118138702949093,False
probability algebraic,0,0.7310935171854742,0.0,0.511765462029832,False
attendance reports,0,0.7309860256320864,0.0,0.5116902179424604,False
country data,0,0.7309805186756566,0.0,0.5116863630729596,False
conjunction equalities,0,0.730910834496219,0.0,0.5116375841473533,False
categories service,0,0.7308960080750619,0.0,0.5116272056525434,False
interpret textual,0,0.7308766278245497,0.0,0.5116136394771847,False
pearson education,0,0.7308067318390955,0.0,0.5115647122873668,False
induction complete,0,0.7307411778769801,0.0,0.5115188245138861,False
techniques cope,0,0.730512003767097,0.0,0.5113584026369679,False
ese marks,0,0.7304458143869321,0.0,0.5113120700708524,False
pearson international,0,0.7303488072313624,0.0,0.5112441650619537,False
k3,0,0.7303067637370816,0.0,0.5112147346159571,False
cellular technologies,0,0.7303059165130155,0.0,0.5112141415591108,False
genomes 3rd,0,0.73020499094614,0.0,0.5111434936622979,False
disadvantages cloud,0,0.7300609628549011,0.0,0.5110426739984307,False
posteriori estimation,0,0.7298400491796626,0.0,0.5108880344257638,False
mobility cellular,0,0.7298287175577783,0.0,0.5108801022904448,False
ga encoding,0,0.729774389314539,0.0,0.5108420725201772,False
boolean values,0,0.7297533146158944,0.0,0.5108273202311261,False
boolean formula,0,0.7297465368233655,0.0,0.5108225757763558,False
pairs sequences,0,0.7296234775277629,0.0,0.510736434269434,False
like voip,0,0.7295679843514326,0.0,0.5106975890460027,False
subtree query,0,0.7295481804888873,0.0,0.510683726342221,False
orders s1,0,0.7292849056103432,0.0,0.5104994339272402,False
outcome co5,0,0.7291847213645255,0.0,0.5104293049551678,False
taken distribution,0,0.729047259259799,0.0,0.5103330814818593,False
parameter,0,0.7290359276379147,0.0,0.5103251493465403,False
university consists,0,0.7290221602468404,0.0,0.5103155121727883,False
examination month,0,0.7289968494278654,0.0,0.5102977945995057,False
protein structure,0,0.7288804620217832,0.0,0.5102163234152483,False
olap server,0,0.7288263455845604,0.0,0.5101784419091923,False
secure database,0,0.7287854670233705,0.0,0.5101498269163594,False
multicast group,0,0.7287223488304453,0.0,0.5101056441813117,False
dimension association,0,0.7286839060384455,0.0,0.5100787342269117,False
flow sdn,0,0.7286671733631398,0.0,0.5100670213541978,False
complete induction,0,0.7286293659891896,0.0,0.5100405561924327,False
vpn implemented,0,0.7285257928471075,0.0,0.5099680549929753,False
direct proof,0,0.7284264558253559,0.0,0.5098985190777491,False
model suit,0,0.7283014902756045,0.0,0.5098110431929231,False
join operators,0,0.7282488564804973,0.0,0.5097741995363481,False
protein domains,0,0.7281170072352088,0.0,0.5096819050646462,False
national test,0,0.7281124534058534,0.0,0.5096787173840973,False
software deployment,0,0.7280282605142836,0.0,0.5096197823599985,False
openflow specification,0,0.7280159757653251,0.0,0.5096111830357275,False
soap restful,0,0.7279323123887965,0.0,0.5095526186721575,False
recurrence relations,0,0.7277753641305494,0.0,0.5094427548913846,False
http requests,0,0.7276149210730296,0.0,0.5093304447511207,False
outcome co6,0,0.7274762940352122,0.0,0.5092334058246485,False
reservation multicast,0,0.7274528894703858,0.0,0.50921702262927,False
routing mobile,0,0.7272447900591472,0.0,0.509071353041403,False
table assume,0,0.7272172552769987,0.0,0.509052078693899,False
methods hours,0,0.7271858020835442,0.0,0.509030061458481,False
google bigquery,0,0.7269851158828842,0.0,0.5088895811180189,False
layer neuron,0,0.7268472301661245,0.0,0.5087930611162871,False
class imbalanced,0,0.7265672226122748,0.0,0.5085970558285924,False
gpu instruction,0,0.72655652640844,0.0,0.508589568485908,False
induction variables,0,0.7263603940371354,0.0,0.5084522758259947,False
evaluate faster,0,0.7262873209614332,0.0,0.5084011246730032,False
significance testing,0,0.7261638380537975,0.0,0.5083146866376582,False
compiler elsevier,0,0.7260369662498973,0.0,0.5082258763749281,False
elimination method,0,0.7259375233251375,0.0,0.5081562663275963,False
server api,0,0.7259217437769062,0.0,0.5081452206438343,False
tcp mobility,0,0.7258140404175019,0.0,0.5080698282922512,False
calculate accuracy,0,0.7255971510565773,0.0,0.5079180057396041,False
conflict clauses,0,0.7255720520436189,0.0,0.5079004364305332,False
hadoop framework,0,0.7255088279476852,0.0,0.5078561795633796,False
testing environment,0,0.7253673415286447,0.0,0.5077571390700513,False
streaming stored,0,0.7252761590385295,0.0,0.5076933113269706,False
weighted regression,0,0.7251641136557863,0.0,0.5076148795590504,False
t1 multiprocessor,0,0.7251199521013402,0.0,0.5075839664709381,False
desktop virtualization,0,0.7250494206978364,0.0,0.5075345944884855,False
mobile tcp,0,0.7249505072881179,0.0,0.5074653551016826,False
disadvantages lazy,0,0.7248667380085811,0.0,0.5074067166060068,False
prove statement,0,0.7245712686155249,0.0,0.5071998880308674,False
benefits,0,0.7243043930346998,0.0,0.5070130751242898,False
cost function,0,0.7240160191431972,0.0,0.506811213400238,False
dynamic webpages,0,0.7239819183745362,0.0,0.5067873428621753,False
http methods,0,0.7238026245815454,0.0,0.5066618372070818,False
wireless cellular,0,0.7236436641661413,0.0,0.5065505649162989,False
contains apples,0,0.7232724741221763,0.0,0.5062907318855234,False
multicast routing,0,0.7229516939101449,0.0,0.5060661857371014,False
remote memory,0,0.7229234178069385,0.0,0.5060463924648569,False
extracting times,0,0.7226618373765266,0.0,0.5058632861635686,False
continuous distributions,0,0.722352600592396,0.0,0.5056468204146772,False
expected outcomes,0,0.7221191903621823,0.0,0.5054834332535276,False
methods protein,0,0.7220266311329597,0.0,0.5054186417930718,False
induction ordering,0,0.7219370371879684,0.0,0.5053559260315779,False
model assumption,0,0.7213541470304838,0.0,0.5049479029213386,False
communication unplanned,0,0.7212529037545836,0.0,0.5048770326282085,False
executable specification,0,0.7211923272338566,0.0,0.5048346290636996,False
distribution density,0,0.7210373911327665,0.0,0.5047261737929366,False
generate test,0,0.7208386111862551,0.0,0.5045870278303786,False
restful clients,0,0.7208272795643709,0.0,0.5045790956950595,False
duration examination,0,0.7208170069725693,0.0,0.5045719048807985,False
publishing ag,0,0.7207431925758093,0.0,0.5045202348030665,False
mips pipeline,0,0.7207372620073466,0.0,0.5045160834051425,False
multiprocessors thread,0,0.7206088016583225,0.0,0.5044261611608257,False
branches pipeline,0,0.720472186777662,0.0,0.5043305307443634,False
unplanned communication,0,0.7201176235059945,0.0,0.5040823364541961,False
geometric distribution,0,0.7201075627202094,0.0,0.5040752939041465,False
query cost,0,0.719873834780971,0.0,0.5039116843466797,False
bigquery cloud,0,0.7197921835615995,0.0,0.5038545284931196,False
host application,0,0.7196769610886083,0.0,0.5037738727620258,False
jsonp web,0,0.7196283516078152,0.0,0.5037398461254706,False
beginning xml,0,0.7196123602535673,0.0,0.5037286521774971,False
multiprocessor cache,0,0.7193361652080151,0.0,0.5035353156456106,False
attribute declared,0,0.7189219785426949,0.0,0.5032453849798864,False
add r1,0,0.7189126590779678,0.0,0.5032388613545774,False
average memory,0,0.7187427906527124,0.0,0.5031199534568986,False
transient multicast,0,0.7186984172922498,0.0,0.5030888921045749,False
simd gpu,0,0.7185727104214406,0.0,0.5030008972950084,False
verifying compilation,0,0.7182933382856403,0.0,0.5028053367999482,False
edit distance,0,0.7182844424329462,0.0,0.5027991097030623,False
induction variable,0,0.7181824578359881,0.0,0.5027277204851917,False
published year,0,0.7180744367675589,0.0,0.5026521057372912,False
xsd xpath,0,0.7180695652291788,0.0,0.5026486956604251,False
delays pipelined,0,0.7178537348983369,0.0,0.5024976144288358,False
induction cart,0,0.7176645921255775,0.0,0.5023652144879043,False
routing bgp,0,0.7176041215078589,0.0,0.5023228850555012,False
reduce function,0,0.7175240588336114,0.0,0.5022668411835279,False
identity access,0,0.7173553553414469,0.0,0.5021487487390128,False
constellations olap,0,0.7171320058970184,0.0,0.5019924041279129,False
backpatching boolean,0,0.7162578824668081,0.0,0.5013805177267656,False
wsdl document,0,0.7154876498877046,0.0,0.5008413549213933,False
client api,0,0.7153656496221846,0.0,0.5007559547355293,False
ant density,0,0.7151998055112434,0.0,0.5006398638578704,False
write xpath,0,0.7151694113478716,0.0,0.5006185879435101,False
mark attendance,0,0.7150477287913763,0.0,0.5005334101539635,False
prove answer,0,0.7150138398287319,0.0,0.5005096878801123,False
exponential distributions,0,0.714761049348006,0.0,0.5003327345436042,False
decidability boolean,0,0.7147309728936591,0.0,0.5003116810255613,False
social impacts,0,0.7146086549191142,0.0,0.5002260584433799,False
http api,0,0.714546807562288,0.0,0.5001827652936016,False
eigen vectors,0,0.7143181629674463,0.0,0.5000227140772124,False
restlet resources,0,0.7141341035390837,0.0,0.49989387247735856,False
ibmxl compilers,0,0.7141079454960425,0.0,0.4998755618472297,False
probabilities emission,0,0.7135790658727725,0.0,0.4995053461109407,False
create xsd,0,0.7131104450612047,0.0,0.4991773115428432,False
elastic ants,0,0.7130172504139325,0.0,0.4991120752897527,False
cloud deployment,0,0.7129856913174698,0.0,0.4990899839222288,False
hit cache,0,0.7127595883948263,0.0,0.4989317118763784,False
assume average,0,0.7125236364924143,0.0,0.49876654554469,False
simplifications formula,0,0.7123414833182005,0.0,0.4986390383227403,False
protein folding,0,0.711981307187095,0.0,0.49838691503096644,False
xquery following,0,0.7112823473325531,0.0,0.49789764313278717,False
client restful,0,0.7112591545737433,0.0,0.4978814082016203,False
review http,0,0.7112373385540409,0.0,0.4978661369878286,False
cache miss,0,0.7111964599928511,0.0,0.4978375219949957,False
service jax,0,0.7091806491820517,0.0,0.49642645442743616,False
reducible satisfiability,0,0.709180331473027,0.0,0.49642623203111885,False
ga parameters,0,0.7088272508434751,0.0,0.4961790755904325,False
client randservice,0,0.7083274415959736,0.0,0.4958292091171815,False
http servlets,0,0.707894192389166,0.0,0.4955259346724161,False
ibm xlcompilers,0,0.7076258341662252,0.0,0.4953380839163576,False
servlets restful,0,0.7073959716867884,0.0,0.4951771801807518,False
selection cost,0,0.7071614494749879,0.0,0.49501301463249153,False
exponential distribution,0,0.7067563175168744,0.0,0.49472942226181205,False
clients jsonp,0,0.7066784258542963,0.0,0.49467489809800735,False
captioning lstms,0,0.7057638474749292,0.0,0.49403469323245036,False
cache misses,0,0.7048716146303057,0.0,0.49341013024121394,False
biomolecules dna,0,0.7043345804753994,0.0,0.49303420633277956,False
r4000 pipeline,0,0.7033605905083963,0.0,0.49235241335587737,False
protein stability,0,0.703250927943339,0.0,0.49227564956033726,False
publishing soap,0,0.7025096598369958,0.0,0.491756761885897,False
expectation variance,0,0.7024458532745168,0.0,0.49171209729216175,False
positive test,0,0.6995964798856722,0.0,0.4897175359199705,False
publishing jax,0,0.697954718500061,0.0,0.48856830295004267,False
forces proteins,0,0.6970203892096526,0.0,0.4879142724467568,False
packt publishing,1,0.6916367568330527,0.0,0.48414572978313686,False
service httpservlet,0,0.6866174308048806,0.0,0.48063220156341635,False
angular js,-1,0.0,0.0,0.0,False
address statements,-1,0.0,0.0,0.0,False
outcome co4,-1,0.0,0.0,0.0,False
following sentence,-1,0.0,0.0,0.0,False
declared null,-1,0.0,0.0,0.0,False
using knn,-1,0.0,0.0,0.0,False
simplex,-1,0.0,0.0,0.0,False
determine outliers,-1,0.0,0.0,0.0,False
enumeration deduction,-1,0.0,0.0,0.0,False
use preaggregation,-1,0.0,0.0,0.0,False
techniques morgan,-1,0.0,0.0,0.0,False
pheromone updated,-1,0.0,0.0,0.0,False
experiment objective,-1,0.0,0.0,0.0,False
syllabus dwells,-1,0.0,0.0,0.0,False
mandatory fields,-1,0.0,0.0,0.0,False
initialization stopping,-1,0.0,0.0,0.0,False
decidable order,-1,0.0,0.0,0.0,False
confusion matrix,-1,0.0,0.0,0.0,False
marks 5x5,-1,0.0,0.0,0.0,False
inertia weight,-1,0.0,0.0,0.0,False
compare processes,-1,0.0,0.0,0.0,False
thousandth city,-1,0.0,0.0,0.0,False
manohar discrete,-1,0.0,0.0,0.0,False
switch statements,-1,0.0,0.0,0.0,False
function tall,-1,0.0,0.0,0.0,False
register allocator,-1,0.0,0.0,0.0,False
best tour,-1,0.0,0.0,0.0,False
lease resources,-1,0.0,0.0,0.0,False
rosen discrete,-1,0.0,0.0,0.0,False
ribosome translation,-1,0.0,0.0,0.0,False
attribute age,-1,0.0,0.0,0.0,False
ii begin,-1,0.0,0.0,0.0,False
climate,-1,0.0,0.0,0.0,False
maximum velocity,-1,0.0,0.0,0.0,False
10 11,-1,0.0,0.0,0.0,False
mutual information,-1,0.0,0.0,0.0,False
separable sets,-1,0.0,0.0,0.0,False
allied streams,-1,0.0,0.0,0.0,False
courville,-1,0.0,0.0,0.0,False
regression hours,-1,0.0,0.0,0.0,False
conditions a0,-1,0.0,0.0,0.0,False
min composition,-1,0.0,0.0,0.0,False
diagram bdd,-1,0.0,0.0,0.0,False
dmql representation,-1,0.0,0.0,0.0,False
omega test,-1,0.0,0.0,0.0,False
innovative ideas,-1,0.0,0.0,0.0,False
distinct coupons,-1,0.0,0.0,0.0,False
assume space,-1,0.0,0.0,0.0,False
uniform exponential,-1,0.0,0.0,0.0,False
sour fruits,-1,0.0,0.0,0.0,False
ddbj genbank,-1,0.0,0.0,0.0,False
liveness analysis,-1,0.0,0.0,0.0,False
parts,-1,0.0,0.0,0.0,False
integer linear,-1,0.0,0.0,0.0,False
arts festival,-1,0.0,0.0,0.0,False
advisor forwards,-1,0.0,0.0,0.0,False
cdma cellular,-1,0.0,0.0,0.0,False
output td,-1,0.0,0.0,0.0,False
congruence closure,-1,0.0,0.0,0.0,False
travelling salesman,-1,0.0,0.0,0.0,False
pigeonhole principle,-1,0.0,0.0,0.0,False
draw snowflake,-1,0.0,0.0,0.0,False
having disease,-1,0.0,0.0,0.0,False
nordstrom experiencing,-1,0.0,0.0,0.0,False
computed gate,-1,0.0,0.0,0.0,False
youtube justify,-1,0.0,0.0,0.0,False
tom wants,-1,0.0,0.0,0.0,False
minimum confidence,-1,0.0,0.0,0.0,False
single output,-1,0.0,0.0,0.0,False
generating function,-1,0.0,0.0,0.0,False
leaves faculty,-1,0.0,0.0,0.0,False
restaurant thai,-1,0.0,0.0,0.0,False
functional consistency,-1,0.0,0.0,0.0,False
python ml,-1,0.0,0.0,0.0,False
proof soundness,-1,0.0,0.0,0.0,False
generating loads,-1,0.0,0.0,0.0,False
hod view,-1,0.0,0.0,0.0,False
folding ramachandran,-1,0.0,0.0,0.0,False
pheromone updation,-1,0.0,0.0,0.0,False
mode goto,-1,0.0,0.0,0.0,False
daniel jurafsky,-1,0.0,0.0,0.0,False
rate 2ghz,-1,0.0,0.0,0.0,False
roulette wheel,-1,0.0,0.0,0.0,False
theorems results,-1,0.0,0.0,0.0,False
adaboost gradient,-1,0.0,0.0,0.0,False
40mhz processor,-1,0.0,0.0,0.0,False
forwarding,-1,0.0,0.0,0.0,False
copy propagation,-1,0.0,0.0,0.0,False
differentiate pam,-1,0.0,0.0,0.0,False
bias activations,-1,0.0,0.0,0.0,False
hat checker,-1,0.0,0.0,0.0,False
oranges limes,-1,0.0,0.0,0.0,False
unrooted trees,-1,0.0,0.0,0.0,False
olap operations,-1,0.0,0.0,0.0,False
fp growth,-1,0.0,0.0,0.0,False
bluetooth zigbee,-1,0.0,0.0,0.0,False
fisher discriminant,-1,0.0,0.0,0.0,False
basic blocks,-1,0.0,0.0,0.0,False
enable pattern,-1,0.0,0.0,0.0,False
danny ayers,-1,0.0,0.0,0.0,False
feller introduction,-1,0.0,0.0,0.0,False
clamping inertia,-1,0.0,0.0,0.0,False
growth enumeration,-1,0.0,0.0,0.0,False
different angular,-1,0.0,0.0,0.0,False
kalin java,-1,0.0,0.0,0.0,False
module regularization,-1,0.0,0.0,0.0,False
cosine similarity,-1,0.0,0.0,0.0,False
zigbee standard,-1,0.0,0.0,0.0,False
photograph contains,-1,0.0,0.0,0.0,False
kaufmann publication,-1,0.0,0.0,0.0,False
transferred hash,-1,0.0,0.0,0.0,False
xor r10,-1,0.0,0.0,0.0,False
elimination omega,-1,0.0,0.0,0.0,False
medium,-1,0.0,0.0,0.0,False
weighing terms,-1,0.0,0.0,0.0,False
velocity update,-1,0.0,0.0,0.0,False
doctor 2022,-1,0.0,0.0,0.0,False
david,-1,0.0,0.0,0.0,False
examiner senior,-1,0.0,0.0,0.0,False
cockburn agile,-1,0.0,0.0,0.0,False
ttest feature,-1,0.0,0.0,0.0,False
approved hod,-1,0.0,0.0,0.0,False
variance binomial,-1,0.0,0.0,0.0,False
quickest way,-1,0.0,0.0,0.0,False
answering farmers,-1,0.0,0.0,0.0,False
stream related,-1,0.0,0.0,0.0,False
tata mcgraw,-1,0.0,0.0,0.0,False
answers relatively,-1,0.0,0.0,0.0,False
indexing encrypted,-1,0.0,0.0,0.0,False
uncountable sets,-1,0.0,0.0,0.0,False
compute bdd,-1,0.0,0.0,0.0,False
explain maintenance,-1,0.0,0.0,0.0,False
randservice javaclient,-1,0.0,0.0,0.0,False
gru cell,-1,0.0,0.0,0.0,False
lam ravi,-1,0.0,0.0,0.0,False
ramachandran plot,-1,0.0,0.0,0.0,False
box chosen,-1,0.0,0.0,0.0,False
variability space,-1,0.0,0.0,0.0,False
mandatory access,-1,0.0,0.0,0.0,False
features bigquery,-1,0.0,0.0,0.0,False
patching pass,-1,0.0,0.0,0.0,False
events times,-1,0.0,0.0,0.0,False
trace based,-1,0.0,0.0,0.0,False
sudharshan database,-1,0.0,0.0,0.0,False
springer international,-1,0.0,0.0,0.0,False
principles permutations,-1,0.0,0.0,0.0,False
complexity class,-1,0.0,0.0,0.0,False
form solution,-1,0.0,0.0,0.0,False
base cuboid,-1,0.0,0.0,0.0,False
rendering elements,-1,0.0,0.0,0.0,False
ican intermediate,-1,0.0,0.0,0.0,False
brief history,-1,0.0,0.0,0.0,False
snowflake schema,-1,0.0,0.0,0.0,False
components comparison,-1,0.0,0.0,0.0,False
pso comparison,-1,0.0,0.0,0.0,False
bitmap,-1,0.0,0.0,0.0,False
theoretical point,-1,0.0,0.0,0.0,False
formal,-1,0.0,0.0,0.0,False
trust management,-1,0.0,0.0,0.0,False
json,-1,0.0,0.0,0.0,False
fruit removed,-1,0.0,0.0,0.0,False
properly certified,-1,0.0,0.0,0.0,False
iv begin,-1,0.0,0.0,0.0,False
javaclient randservice,-1,0.0,0.0,0.0,False
priced food,-1,0.0,0.0,0.0,False
10,-1,0.0,0.0,0.0,False
accepts inputs,-1,0.0,0.0,0.0,False
rdb design,-1,0.0,0.0,0.0,False
interface specification,-1,0.0,0.0,0.0,False
introduction wiley,-1,0.0,0.0,0.0,False
independent observations,-1,0.0,0.0,0.0,False
abraham silberschatz,-1,0.0,0.0,0.0,False
edition reilly,-1,0.0,0.0,0.0,False
expected number,-1,0.0,0.0,0.0,False
soumen chakrabarti,-1,0.0,0.0,0.0,False
meals certain,-1,0.0,0.0,0.0,False
instantiations ackermann,-1,0.0,0.0,0.0,False
type hazards,-1,0.0,0.0,0.0,False
surfaces representatives,-1,0.0,0.0,0.0,False
edition springer,-1,0.0,0.0,0.0,False
finding contacts,-1,0.0,0.0,0.0,False
stratified sampling,-1,0.0,0.0,0.0,False
scheduling percolation,-1,0.0,0.0,0.0,False
disadvantages dbscan,-1,0.0,0.0,0.0,False
thymine genome,-1,0.0,0.0,0.0,False
cosets normal,-1,0.0,0.0,0.0,False
birthday paradox,-1,0.0,0.0,0.0,False
foreign key,-1,0.0,0.0,0.0,False
dullness feelings,-1,0.0,0.0,0.0,False
error mae,-1,0.0,0.0,0.0,False
write xquery,-1,0.0,0.0,0.0,False
subgroups generators,-1,0.0,0.0,0.0,False
deficiency vitamins,-1,0.0,0.0,0.0,False
block,-1,0.0,0.0,0.0,False
free space,-1,0.0,0.0,0.0,False
boundary change,-1,0.0,0.0,0.0,False
base pairing,-1,0.0,0.0,0.0,False
customers new,-1,0.0,0.0,0.0,False
symbol table,-1,0.0,0.0,0.0,False
percentage cytosine,-1,0.0,0.0,0.0,False
edge costs,-1,0.0,0.0,0.0,False
manning schuetze,-1,0.0,0.0,0.0,False
vowels,-1,0.0,0.0,0.0,False
approaches angularjs,-1,0.0,0.0,0.0,False
calculate impact,-1,0.0,0.0,0.0,False
rmse squared,-1,0.0,0.0,0.0,False
avg_grade,-1,0.0,0.0,0.0,False
corresponding chromosome,-1,0.0,0.0,0.0,False
mamdani inference,-1,0.0,0.0,0.0,False
size rtcp,-1,0.0,0.0,0.0,False
repetitions allowed,-1,0.0,0.0,0.0,False
spam filtering,-1,0.0,0.0,0.0,False
yang school,-1,0.0,0.0,0.0,False
beginning angular,-1,0.0,0.0,0.0,False
response time,-1,0.0,0.0,0.0,False
conjugate prior,-1,0.0,0.0,0.0,False
jian pei,-1,0.0,0.0,0.0,False
prove irrational,-1,0.0,0.0,0.0,False
gamma function,-1,0.0,0.0,0.0,False
good way,-1,0.0,0.0,0.0,False
agile process,-1,0.0,0.0,0.0,False
located,-1,0.0,0.0,0.0,False
audio compression,-1,0.0,0.0,0.0,False
equation tij,-1,0.0,0.0,0.0,False
polynomial regression,-1,0.0,0.0,0.0,False
represents station,-1,0.0,0.0,0.0,False
inner product,-1,0.0,0.0,0.0,False
cantor diagonalization,-1,0.0,0.0,0.0,False
w0 w1x1,-1,0.0,0.0,0.0,False
considered,-1,0.0,0.0,0.0,False
wrong predictions,-1,0.0,0.0,0.0,False
base cpi,-1,0.0,0.0,0.0,False
opt meals,-1,0.0,0.0,0.0,False
location product,-1,0.0,0.0,0.0,False
221ecs005 automated,-1,0.0,0.0,0.0,False
sahami crc,-1,0.0,0.0,0.0,False
apriori fp,-1,0.0,0.0,0.0,False
climate comfortability,-1,0.0,0.0,0.0,False
best split,-1,0.0,0.0,0.0,False
factored conditional,-1,0.0,0.0,0.0,False
attend separately,-1,0.0,0.0,0.0,False
extracted promotion,-1,0.0,0.0,0.0,False
interactive audio,-1,0.0,0.0,0.0,False
small high,-1,0.0,0.0,0.0,False
vitamin contents,-1,0.0,0.0,0.0,False
multiplications uninterrupted,-1,0.0,0.0,0.0,False
biochemistry 5th,-1,0.0,0.0,0.0,False
scores 585,-1,0.0,0.0,0.0,False
explain locate,-1,0.0,0.0,0.0,False
generating functions,-1,0.0,0.0,0.0,False
dags addresses,-1,0.0,0.0,0.0,False
environments eucalyptus,-1,0.0,0.0,0.0,False
commit protocols,-1,0.0,0.0,0.0,False
parallelism case,-1,0.0,0.0,0.0,False
kurose keith,-1,0.0,0.0,0.0,False
extension multimedia,-1,0.0,0.0,0.0,False
question carry,-1,0.0,0.0,0.0,False
ant quantity,-1,0.0,0.0,0.0,False
healthy 1000,-1,0.0,0.0,0.0,False
finance focus,-1,0.0,0.0,0.0,False
smaller smaller,-1,0.0,0.0,0.0,False
morgan kaufmann,-1,0.0,0.0,0.0,False
indexed,-1,0.0,0.0,0.0,False
morghan kaufmann,-1,0.0,0.0,0.0,False
dot plot,-1,0.0,0.0,0.0,False
ipv6,-1,0.0,0.0,0.0,False
tested flu,-1,0.0,0.0,0.0,False
proof contrapositive,-1,0.0,0.0,0.0,False
life cycle,-1,0.0,0.0,0.0,False
imagery analysed,-1,0.0,0.0,0.0,False
fpr f1,-1,0.0,0.0,0.0,False
bhattacharya distance,-1,0.0,0.0,0.0,False
koutroumbas pattern,-1,0.0,0.0,0.0,False
hamiltonian cycle,-1,0.0,0.0,0.0,False
risk churning,-1,0.0,0.0,0.0,False
peering agreement,-1,0.0,0.0,0.0,False
convergence ga,-1,0.0,0.0,0.0,False
jsonp brings,-1,0.0,0.0,0.0,False
wireless links,-1,0.0,0.0,0.0,False
elsevier science,-1,0.0,0.0,0.0,False
local alignment,-1,0.0,0.0,0.0,False
10ar initial,-1,0.0,0.0,0.0,False
different gaussian,-1,0.0,0.0,0.0,False
resource pool,-1,0.0,0.0,0.0,False
50fahrenheit humidity,-1,0.0,0.0,0.0,False
entrepreneurship industry,-1,0.0,0.0,0.0,False
xn independent,-1,0.0,0.0,0.0,False
components directives,-1,0.0,0.0,0.0,False
restriction choice,-1,0.0,0.0,0.0,False
paths given,-1,0.0,0.0,0.0,False
transformation loading,-1,0.0,0.0,0.0,False
improve apriori,-1,0.0,0.0,0.0,False
captioning vanilla,-1,0.0,0.0,0.0,False
ways invite,-1,0.0,0.0,0.0,False
clock cycles,-1,0.0,0.0,0.0,False
rcsb pdb,-1,0.0,0.0,0.0,False
purpose node,-1,0.0,0.0,0.0,False
depending food,-1,0.0,0.0,0.0,False
men hat,-1,0.0,0.0,0.0,False
zeros smoothing,-1,0.0,0.0,0.0,False
discuss documentation,-1,0.0,0.0,0.0,False
pentium address,-1,0.0,0.0,0.0,False
lagrange theorem,-1,0.0,0.0,0.0,False
average ese,-1,0.0,0.0,0.0,False
blast fasta,-1,0.0,0.0,0.0,False
open nebula,-1,0.0,0.0,0.0,False
join materialized,-1,0.0,0.0,0.0,False
manhattan distance,-1,0.0,0.0,0.0,False
ruan guoqing,-1,0.0,0.0,0.0,False
complementary strand,-1,0.0,0.0,0.0,False
fool wit,-1,0.0,0.0,0.0,False
eigen analysis,-1,0.0,0.0,0.0,False
processors stalled,-1,0.0,0.0,0.0,False
fis,-1,0.0,0.0,0.0,False
michael huth,-1,0.0,0.0,0.0,False
faculty produced,-1,0.0,0.0,0.0,False
hidden markov,-1,0.0,0.0,0.0,False
instructions quadruples,-1,0.0,0.0,0.0,False
christelbaier joost,-1,0.0,0.0,0.0,False
tuples transferred,-1,0.0,0.0,0.0,False
density discriminant,-1,0.0,0.0,0.0,False
highest population,-1,0.0,0.0,0.0,False
species phylogeny,-1,0.0,0.0,0.0,False
work breakdown,-1,0.0,0.0,0.0,False
weights value,-1,0.0,0.0,0.0,False
application multipage,-1,0.0,0.0,0.0,False
green box,-1,0.0,0.0,0.0,False
finding dependencies,-1,0.0,0.0,0.0,False
byte described,-1,0.0,0.0,0.0,False
addison wesley,-1,0.0,0.0,0.0,False
count avg_grade,-1,0.0,0.0,0.0,False
missing variables,-1,0.0,0.0,0.0,False
mod sum,-1,0.0,0.0,0.0,False
conserved regions,-1,0.0,0.0,0.0,False
hwang geoffrey,-1,0.0,0.0,0.0,False
regular expression,-1,0.0,0.0,0.0,False
stochastic gradient,-1,0.0,0.0,0.0,False
achieved,-1,0.0,0.0,0.0,False
doctor charges,-1,0.0,0.0,0.0,False
branch bound,-1,0.0,0.0,0.0,False
source destination,-1,0.0,0.0,0.0,False
constellation schemas,-1,0.0,0.0,0.0,False
e3,-1,0.0,0.0,0.0,False
adequate,-1,0.0,0.0,0.0,False
percolation scheduling,-1,0.0,0.0,0.0,False
compute aggregate,-1,0.0,0.0,0.0,False
sweep collector,-1,0.0,0.0,0.0,False
ass,-1,0.0,0.0,0.0,False
velocity clamping,-1,0.0,0.0,0.0,False
level parallelism,-1,0.0,0.0,0.0,False
kerala glance,-1,0.0,0.0,0.0,False
hart richard,-1,0.0,0.0,0.0,False
following lemma,-1,0.0,0.0,0.0,False
kernels basic,-1,0.0,0.0,0.0,False
marketing campaigns,-1,0.0,0.0,0.0,False
position social,-1,0.0,0.0,0.0,False
grus words,-1,0.0,0.0,0.0,False
time flies,-1,0.0,0.0,0.0,False
join cost,-1,0.0,0.0,0.0,False
coupon selected,-1,0.0,0.0,0.0,False
miss rate,-1,0.0,0.0,0.0,False
selection outlier,-1,0.0,0.0,0.0,False
population russian,-1,0.0,0.0,0.0,False
prevent unnecessary,-1,0.0,0.0,0.0,False
iaas availability,-1,0.0,0.0,0.0,False
estimated dbscan,-1,0.0,0.0,0.0,False
kevin murphy,-1,0.0,0.0,0.0,False
enlist advantages,-1,0.0,0.0,0.0,False
tseitin encoding,-1,0.0,0.0,0.0,False
solving quantitativeevaluation,-1,0.0,0.0,0.0,False
sweet fruits,-1,0.0,0.0,0.0,False
kernel trick,-1,0.0,0.0,0.0,False
rule deduced,-1,0.0,0.0,0.0,False
marks 5x7,-1,0.0,0.0,0.0,False
internetwork quality,-1,0.0,0.0,0.0,False
thai food,-1,0.0,0.0,0.0,False
devise membership,-1,0.0,0.0,0.0,False
uninterpreted functions,-1,0.0,0.0,0.0,False
outcome co1,-1,0.0,0.0,0.0,False
convergence pso,-1,0.0,0.0,0.0,False
prentice hall,-1,0.0,0.0,0.0,False
number passengers,-1,0.0,0.0,0.0,False
experiments noted,-1,0.0,0.0,0.0,False
encryption primary,-1,0.0,0.0,0.0,False
pheromone edges,-1,0.0,0.0,0.0,False
recall sensitivity,-1,0.0,0.0,0.0,False
area india,-1,0.0,0.0,0.0,False
37 documents,-1,0.0,0.0,0.0,False
numbers 400,-1,0.0,0.0,0.0,False
zigbee 802,-1,0.0,0.0,0.0,False
colours feelings,-1,0.0,0.0,0.0,False
translation array,-1,0.0,0.0,0.0,False
chapters composed,-1,0.0,0.0,0.0,False
does matter,-1,0.0,0.0,0.0,False
dogma molecular,-1,0.0,0.0,0.0,False
set stored,-1,0.0,0.0,0.0,False
120,-1,0.0,0.0,0.0,False
contrapositive proof,-1,0.0,0.0,0.0,False
perl client,-1,0.0,0.0,0.0,False
shall examiners,-1,0.0,0.0,0.0,False
mohammadian intelligent,-1,0.0,0.0,0.0,False
chromosomes corresponding,-1,0.0,0.0,0.0,False
normal equations,-1,0.0,0.0,0.0,False
multiplication principles,-1,0.0,0.0,0.0,False
human beings,-1,0.0,0.0,0.0,False
lab fair,-1,0.0,0.0,0.0,False
like,-1,0.0,0.0,0.0,False
seats 30,-1,0.0,0.0,0.0,False
outcome co2,-1,0.0,0.0,0.0,False
partitioning replication,-1,0.0,0.0,0.0,False
boundary detection,-1,0.0,0.0,0.0,False
inclusion exclusion,-1,0.0,0.0,0.0,False
iii es,-1,0.0,0.0,0.0,False
thursday applies,-1,0.0,0.0,0.0,False
subset s1,-1,0.0,0.0,0.0,False
bryant reduction,-1,0.0,0.0,0.0,False
intermediate representation,-1,0.0,0.0,0.0,False
evaporation factor,-1,0.0,0.0,0.0,False
iam practices,-1,0.0,0.0,0.0,False
ambiguity pragmatic,-1,0.0,0.0,0.0,False
names kerala,-1,0.0,0.0,0.0,False
developing map,-1,0.0,0.0,0.0,False
bloom filter,-1,0.0,0.0,0.0,False
pheromone decay,-1,0.0,0.0,0.0,False
phylogenetic tees,-1,0.0,0.0,0.0,False
200 clock,-1,0.0,0.0,0.0,False
role help,-1,0.0,0.0,0.0,False
nebula open,-1,0.0,0.0,0.0,False
kind beautiful,-1,0.0,0.0,0.0,False
investigation development,-1,0.0,0.0,0.0,False
output dependences,-1,0.0,0.0,0.0,False
connected,-1,0.0,0.0,0.0,False
carriers cochin,-1,0.0,0.0,0.0,False
consideration sustainability,-1,0.0,0.0,0.0,False
word2vec visualizing,-1,0.0,0.0,0.0,False
compute pheromone,-1,0.0,0.0,0.0,False
page promote,-1,0.0,0.0,0.0,False
impact,-1,0.0,0.0,0.0,False
normal forms,-1,0.0,0.0,0.0,False
approaches proximity,-1,0.0,0.0,0.0,False
expressiveness vs,-1,0.0,0.0,0.0,False
sub r4,-1,0.0,0.0,0.0,False
bias variance,-1,0.0,0.0,0.0,False
packages roles,-1,0.0,0.0,0.0,False
transmissions customer,-1,0.0,0.0,0.0,False
persons attend,-1,0.0,0.0,0.0,False
tpr measures,-1,0.0,0.0,0.0,False
apply duty,-1,0.0,0.0,0.0,False
reasoning gmp,-1,0.0,0.0,0.0,False
json javascript,-1,0.0,0.0,0.0,False
crushed key,-1,0.0,0.0,0.0,False
bloom join,-1,0.0,0.0,0.0,False
